id;comment_title;comment_body;comment_media;comment_media_content_type;date_added;date_approved
1;Unbranded Fresh Car;Andorra;696e637562617465204167656e7420544350;image/png;2019-06-05T17:12:51;2019-06-05T13:25:20
2;Bedfordshire;Tanzanian Shilling Assurance Nebraska;73696c766572;image/png;2019-06-06T05:03:19;2019-06-05T19:45:39
3;tan program;Metal Auto Loan Account;536175736167657320486176656e;image/png;2019-06-06T00:02:30;2019-06-05T22:34:14
4;frictionless;Rubber Awesome Frozen Mouse;437573746f6d65722d666f6375736564;image/png;2019-06-05T20:28:04;2019-06-06T12:45:31
5;Rubber Mall Investment Account;scalable Configuration calculating;5368697274;image/png;2019-06-06T11:13:40;2019-06-05T14:35:20
6;hard drive Refined Soft Keyboard synthesizing;indigo Bacon Mouse;484444;image/png;2019-06-06T03:24:18;2019-06-05T20:25:56
7;Lights interface Central;intranet index;73796e74686573697a65204261687261696e;image/png;2019-06-05T15:04:07;2019-06-06T07:19:37
8;Bouvet Island (Bouvetoya) experiences;Credit Card Account;496e766573746d656e74204163636f756e74205277616e646120437573746f6d6572;image/png;2019-06-05T17:53:51;2019-06-05T12:52:45
9;copy;Robust hack Electronics;7363616c61626c6520636f6e6e656374696e672046616e746173746963;image/png;2019-06-05T16:30:32;2019-06-06T01:51:20
10;Investment Account;haptic Shoes;647269766572207061796d656e74204d65786963616e205065736f204d65786963616e20556e6964616420646520496e76657273696f6e202855444929;image/png;2019-06-05T23:47:54;2019-06-05T19:38:08
