id;post_title;post_body;date_added;date_approved;media_1;media_1_content_type
1;Luxembourg Spurs;empower Home Loan Account SMS;2019-06-05T14:02:07;2019-06-05T17:42:30;4275636b696e6768616d736869726520427573696e6573732d666f63757365642043616e796f6e;image/png
2;Investment Account frictionless orchid;Future-proofed Awesome;2019-06-06T09:43:50;2019-06-06T01:46:51;4d6574616c206465706f736974;image/png
3;Rupiah;Human Mission;2019-06-05T20:48:08;2019-06-05T13:28:09;4c6963656e73656420576f6f64656e2050616e7473;image/png
4;e-business;Awesome;2019-06-06T09:55:42;2019-06-05T23:59:51;426564666f72647368697265;image/png
5;alliance Licensed Plaza;Sleek GB Regional;2019-06-06T11:21:28;2019-06-06T12:45:41;7175616e74696679;image/png
6;Manager;cultivate Bedfordshire;2019-06-05T21:59:08;2019-06-05T18:35:05;47616d6573;image/png
7;Metal;Internal Buckinghamshire Antarctica (the territory South of 60 deg S);2019-06-06T10:15:05;2019-06-05T16:00:38;6f7074696d616c;image/png
8;Chair Kentucky;blue internet solution Concrete;2019-06-05T15:27:04;2019-06-06T04:35:36;4265726b736869726520417765736f6d65;image/png
9;pixel Pennsylvania;architectures Cotton;2019-06-06T06:00:47;2019-06-06T04:43:30;646f742d636f6d;image/png
10;methodology Integration Music;Pants;2019-06-06T06:55:14;2019-06-06T01:06:58;7363616c61626c65;image/png
